logid,runid,val_loss,Frechet_distance,inference_time,training_time,dataset,num_neurons,num_epochs,learning_rate,loss_coefficient,batch_size,batch_dur_idx,batch_range_idx,mert_batch,lambda,ODEmethod,rel_tol,abs_tol,val_freq,loss_function,regularization,interpolation_type,num_samples,optimizer
0,1,0.870952308177948,2.758379521961904,0.3184541000009631,7.482342699993751,mean0_interpolated_Final_test_Interpolated_200_samples.pt,50,50,0.003,1,50,5,60,False,0.0009,dopri5,1e-07,1e-09,5,MSELoss(),,quadratic,400,Adam
1,1,0.6987239122390747,2.291250006341905,0.5393475000000763,21.51700130000245,mean0_interpolated_Final_test_Interpolated_200_samples.pt,50,100,0.003,1,50,5,60,False,0.0009,dopri5,1e-07,1e-09,5,MSELoss(),,quadratic,400,Adam
2,1,0.6245120167732239,2.2378945025940844,0.4864806999994471,39.49321729999974,mean0_interpolated_Final_test_Interpolated_200_samples.pt,50,150,0.003,1,50,5,60,False,0.0009,dopri5,1e-07,1e-09,5,MSELoss(),,quadratic,400,Adam
3,1,0.5698320269584656,2.253713741830845,0.4918279000012262,55.65464440000324,mean0_interpolated_Final_test_Interpolated_200_samples.pt,50,200,0.003,1,50,5,60,False,0.0009,dopri5,1e-07,1e-09,5,MSELoss(),,quadratic,400,Adam
4,1,0.5095148086547852,2.2037710626280744,0.6415462999993906,72.1631969999944,mean0_interpolated_Final_test_Interpolated_200_samples.pt,50,250,0.003,1,50,5,60,False,0.0009,dopri5,1e-07,1e-09,5,MSELoss(),,quadratic,400,Adam
5,1,0.4266619980335235,2.032419797683126,0.6518753000000288,88.84320309999748,mean0_interpolated_Final_test_Interpolated_200_samples.pt,50,300,0.003,1,50,5,60,False,0.0009,dopri5,1e-07,1e-09,5,MSELoss(),,quadratic,400,Adam
6,2,0.830153226852417,2.7254101850975725,0.3021421999983431,7.959685900004842,mean0_interpolated_Final_test_Interpolated_200_samples.pt,50,50,0.003,1,50,5,60,False,0.0009,dopri5,1e-07,1e-09,5,MSELoss(),,quadratic,400,Adam
7,2,0.6481570601463318,2.3669331886755645,0.472248900001432,23.292949000006047,mean0_interpolated_Final_test_Interpolated_200_samples.pt,50,100,0.003,1,50,5,60,False,0.0009,dopri5,1e-07,1e-09,5,MSELoss(),,quadratic,400,Adam
8,2,0.6017848253250122,2.381453910220171,0.6799305000004097,40.45990840000377,mean0_interpolated_Final_test_Interpolated_200_samples.pt,50,150,0.003,1,50,5,60,False,0.0009,dopri5,1e-07,1e-09,5,MSELoss(),,quadratic,400,Adam
9,2,0.6273483037948608,2.214469278581375,0.4905113000004348,58.19166230000155,mean0_interpolated_Final_test_Interpolated_200_samples.pt,50,200,0.003,1,50,5,60,False,0.0009,dopri5,1e-07,1e-09,5,MSELoss(),,quadratic,400,Adam
10,2,0.5581721067428589,2.169724660067139,0.6069255999991583,73.79835029999776,mean0_interpolated_Final_test_Interpolated_200_samples.pt,50,250,0.003,1,50,5,60,False,0.0009,dopri5,1e-07,1e-09,5,MSELoss(),,quadratic,400,Adam
11,2,0.5305294990539551,2.1017743740762205,0.6448027999995247,90.53540790000444,mean0_interpolated_Final_test_Interpolated_200_samples.pt,50,300,0.003,1,50,5,60,False,0.0009,dopri5,1e-07,1e-09,5,MSELoss(),,quadratic,400,Adam
12,3,0.7432132959365845,1.670943268663973,0.3238310003653168,7.471024896018207,mean0_interpolated_Final_train_copy_1_200_samples.pt,50,50,0.003,1,50,5,60,False,0.0009,dopri5,1e-07,1e-09,5,MSELoss(),,quadratic,400,Adam
13,3,0.5705145001411438,1.1917947245035323,0.4221614003181457,20.45132819749415,mean0_interpolated_Final_train_copy_1_200_samples.pt,50,100,0.003,1,50,5,60,False,0.0009,dopri5,1e-07,1e-09,5,MSELoss(),,quadratic,400,Adam
14,3,0.5059473514556885,1.2991880138549008,0.4275968000292778,35.34768379945308,mean0_interpolated_Final_train_copy_1_200_samples.pt,50,150,0.003,1,50,5,60,False,0.0009,dopri5,1e-07,1e-09,5,MSELoss(),,quadratic,400,Adam
15,3,0.4425139427185058,1.3364089837452504,0.5726083004847169,49.97019209805876,mean0_interpolated_Final_train_copy_1_200_samples.pt,50,200,0.003,1,50,5,60,False,0.0009,dopri5,1e-07,1e-09,5,MSELoss(),,quadratic,400,Adam
16,3,0.4562540650367737,1.272990515433324,0.6223090998828411,64.70669719949365,mean0_interpolated_Final_train_copy_1_200_samples.pt,50,250,0.003,1,50,5,60,False,0.0009,dopri5,1e-07,1e-09,5,MSELoss(),,quadratic,400,Adam
17,3,0.7274963855743408,1.3622419664149736,0.5662725996226072,79.45756919961423,mean0_interpolated_Final_train_copy_1_200_samples.pt,50,300,0.003,1,50,5,60,False,0.0009,dopri5,1e-07,1e-09,5,MSELoss(),,quadratic,400,Adam
18,4,1.2042220830917358,1.816782758691896,0.6682334998622537,85.34572820737958,mean0_interpolated_Final_train_copy_1_200_samples.pt,50,300,0.003,1,50,5,60,False,0.0009,dopri5,1e-07,1e-09,5,MSELoss(),,quadratic,400,Adam
19,4,1.3213720321655271,2.161775683625214,0.7358763003721833,119.4259885083884,mean0_interpolated_Final_train_copy_1_200_samples.pt,50,400,0.003,1,50,5,60,False,0.0009,dopri5,1e-07,1e-09,5,MSELoss(),,quadratic,400,Adam
20,4,1.0338207483291626,1.4297143304706608,0.6766492994502187,152.867732106708,mean0_interpolated_Final_train_copy_1_200_samples.pt,50,500,0.003,1,50,5,60,False,0.0009,dopri5,1e-07,1e-09,5,MSELoss(),,quadratic,400,Adam
21,4,0.5759647488594055,1.0545181843753315,0.7849928000941873,186.32771700713784,mean0_interpolated_Final_train_copy_1_200_samples.pt,50,600,0.003,1,50,5,60,False,0.0009,dopri5,1e-07,1e-09,5,MSELoss(),,quadratic,400,Adam
22,4,0.68168705701828,1.291554408242202,1.0790272001177073,220.5648686075583,mean0_interpolated_Final_train_copy_1_200_samples.pt,50,700,0.003,1,50,5,60,False,0.0009,dopri5,1e-07,1e-09,5,MSELoss(),,quadratic,400,Adam
23,4,0.606514036655426,1.7394159231334925,1.4225897006690502,256.0070021012798,mean0_interpolated_Final_train_copy_1_200_samples.pt,50,800,0.003,1,50,5,60,False,0.0009,dopri5,1e-07,1e-09,5,MSELoss(),,quadratic,400,Adam
24,4,1.1067675352096558,2.587513452837079,1.530675100162625,293.0817892020568,mean0_interpolated_Final_train_copy_1_200_samples.pt,50,900,0.003,1,50,5,60,False,0.0009,dopri5,1e-07,1e-09,5,MSELoss(),,quadratic,400,Adam
25,4,0.9060918688774108,2.370938855968416,1.4822025997564197,328.7092950055376,mean0_interpolated_Final_train_copy_1_200_samples.pt,50,1000,0.003,1,50,5,60,False,0.0009,dopri5,1e-07,1e-09,5,MSELoss(),,quadratic,400,Adam
26,5,1.1994541883468628,2.471384492700884,0.5255828006193042,45.61869539320469,mean0_interpolated_Final_train_copy_2_200_samples.pt,50,150,0.003,1,50,5,60,False,0.0009,dopri5,1e-07,1e-09,5,MSELoss(),,quadratic,400,Adam
27,5,14.936872482299805,6.51549388672464,1.1732656005769968,100.01782329473644,mean0_interpolated_Final_train_copy_2_200_samples.pt,50,300,0.003,1,50,5,60,False,0.0009,dopri5,1e-07,1e-09,5,MSELoss(),,quadratic,400,Adam
28,5,3.12276554107666,4.339889197609123,1.632288699969649,149.79757130146027,mean0_interpolated_Final_train_copy_2_200_samples.pt,50,450,0.003,1,50,5,60,False,0.0009,dopri5,1e-07,1e-09,5,MSELoss(),,quadratic,400,Adam
29,5,5.240673542022705,4.54312123204942,2.71948909945786,220.6244169957936,mean0_interpolated_Final_train_copy_2_200_samples.pt,50,600,0.003,1,50,5,60,False,0.0009,dopri5,1e-07,1e-09,5,MSELoss(),,quadratic,400,Adam
30,5,4.911322593688965,4.315847793541941,3.710185199975968,348.9251575917005,mean0_interpolated_Final_train_copy_2_200_samples.pt,50,750,0.003,1,50,5,60,False,0.0009,dopri5,1e-07,1e-09,5,MSELoss(),,quadratic,400,Adam
31,6,1.292421817779541,2.3429352881963785,0.6127984998747706,62.92532560043037,mean0_interpolated_Final_train_copy_2_200_samples.pt,50,150,0.003,1,50,5,80,False,0.0009,dopri5,1e-07,1e-09,5,MSELoss(),,quadratic,400,Adam
32,6,1.8353271484375,2.379641203855124,0.8849751995876431,131.8822637051344,mean0_interpolated_Final_train_copy_2_200_samples.pt,50,300,0.003,1,50,5,80,False,0.0009,dopri5,1e-07,1e-09,5,MSELoss(),,quadratic,400,Adam
33,6,83.61257934570312,10.345997179735075,1.0021123997867107,196.2366657014936,mean0_interpolated_Final_train_copy_2_200_samples.pt,50,450,0.003,1,50,5,80,False,0.0009,dopri5,1e-07,1e-09,5,MSELoss(),,quadratic,400,Adam
34,6,72.85111999511719,10.167278564148004,1.093996899202466,261.32258639857173,mean0_interpolated_Final_train_copy_2_200_samples.pt,50,600,0.003,1,50,5,80,False,0.0009,dopri5,1e-07,1e-09,5,MSELoss(),,quadratic,400,Adam
35,6,271.8173522949219,14.844770192073796,1.01985829975456,320.5293629989028,mean0_interpolated_Final_train_copy_2_200_samples.pt,50,750,0.003,1,50,5,80,False,0.0009,dopri5,1e-07,1e-09,5,MSELoss(),,quadratic,400,Adam
36,7,0.92999005317688,2.234680124547746,0.8183829998597503,67.0445451065898,mean0_interpolated_Final_train_copy_2_200_samples.pt,50,150,0.003,1,50,5,100,False,0.0009,dopri5,1e-07,1e-09,5,MSELoss(),,quadratic,400,Adam
37,7,3.2887661457061768,2.900531923698291,0.9789032004773616,205.742176101543,mean0_interpolated_Final_train_copy_2_200_samples.pt,50,300,0.003,1,50,5,100,False,0.0009,dopri5,1e-07,1e-09,5,MSELoss(),,quadratic,400,Adam
38,7,6.526849269866943,4.679360167132834,2.7340855998918414,334.0383420018479,mean0_interpolated_Final_train_copy_2_200_samples.pt,50,450,0.003,1,50,5,100,False,0.0009,dopri5,1e-07,1e-09,5,MSELoss(),,quadratic,400,Adam
39,7,3.89892053604126,3.736884627281058,1.846916699782014,424.0912571027875,mean0_interpolated_Final_train_copy_2_200_samples.pt,50,600,0.003,1,50,5,100,False,0.0009,dopri5,1e-07,1e-09,5,MSELoss(),,quadratic,400,Adam
40,7,9.041264533996582,5.946876388701822,1.598281399346888,484.445607596077,mean0_interpolated_Final_train_copy_2_200_samples.pt,50,750,0.003,1,50,5,100,False,0.0009,dopri5,1e-07,1e-09,5,MSELoss(),,quadratic,400,Adam
41,8,0.8654934167861938,2.266480431592027,0.5639050994068384,41.378312597982585,mean0_interpolated_Final_train_copy_8_200_samples.pt,50,150,0.003,1,50,5,60,False,0.0009,dopri5,1e-07,1e-09,5,MSELoss(),,quadratic,400,Adam
42,8,0.9671807289123536,2.1731058682567523,1.1089382003992796,119.61760519538076,mean0_interpolated_Final_train_copy_8_200_samples.pt,50,300,0.003,1,50,5,60,False,0.0009,dopri5,1e-07,1e-09,5,MSELoss(),,quadratic,400,Adam
43,8,14.32713508605957,6.922555343507026,2.507451099343598,229.61414519976825,mean0_interpolated_Final_train_copy_8_200_samples.pt,50,450,0.003,1,50,5,60,False,0.0009,dopri5,1e-07,1e-09,5,MSELoss(),,quadratic,400,Adam
44,8,38.045631408691406,8.720057627445772,1.9956876002252104,345.78914579562843,mean0_interpolated_Final_train_copy_8_200_samples.pt,50,600,0.003,1,50,5,60,False,0.0009,dopri5,1e-07,1e-09,5,MSELoss(),,quadratic,400,Adam
45,8,15.063029289245604,6.844858099473173,1.5694149006158111,463.06658819131553,mean0_interpolated_Final_train_copy_8_200_samples.pt,50,750,0.003,1,50,5,60,False,0.0009,dopri5,1e-07,1e-09,5,MSELoss(),,quadratic,400,Adam
46,9,0.5765377283096313,2.20086594086289,0.33741519972682,24.27834669779986,mean0_interpolated_Final_train_copy_8_200_samples.pt,50,100,0.003,1,50,5,100,False,0.0009,dopri5,1e-07,1e-09,5,MSELoss(),,quadratic,400,Adam
47,9,0.6970586180686951,2.3780460383098325,0.509056800045073,57.79840039554984,mean0_interpolated_Final_train_copy_8_200_samples.pt,50,200,0.003,1,50,5,100,False,0.0009,dopri5,1e-07,1e-09,5,MSELoss(),,quadratic,400,Adam
48,9,0.6245721578598022,2.176109860831396,1.2464680997654796,96.95402979385108,mean0_interpolated_Final_train_copy_8_200_samples.pt,50,300,0.003,1,50,5,100,False,0.0009,dopri5,1e-07,1e-09,5,MSELoss(),,quadratic,400,Adam
49,9,0.5528365969657898,2.036043434981491,1.2298918003216386,144.92861549183726,mean0_interpolated_Final_train_copy_8_200_samples.pt,50,400,0.003,1,50,5,100,False,0.0009,dopri5,1e-07,1e-09,5,MSELoss(),,quadratic,400,Adam
50,9,0.4932109713554382,1.8587054237329488,1.5192023003473878,222.49396779108795,mean0_interpolated_Final_train_copy_8_200_samples.pt,50,500,0.003,1,50,5,100,False,0.0009,dopri5,1e-07,1e-09,5,MSELoss(),,quadratic,400,Adam
51,10,0.6488904356956482,2.31693864996029,0.4978753998875618,38.69616789929569,mean0_interpolated_Final_train_copy_8_200_samples.pt,50,100,0.003,1,50,5,100,False,0.0009,dopri5,1e-07,1e-09,5,MSELoss(),,quadratic,400,Adam
52,10,0.7408797740936279,2.480723823511787,0.7417196007445455,92.67677359934896,mean0_interpolated_Final_train_copy_8_200_samples.pt,50,200,0.003,1,50,5,100,False,0.0009,dopri5,1e-07,1e-09,5,MSELoss(),,quadratic,400,Adam
53,10,0.5198035836219788,2.1186552478259464,1.6443039001896975,159.4784620013088,mean0_interpolated_Final_train_copy_8_200_samples.pt,50,300,0.003,1,50,5,100,False,0.0009,dopri5,1e-07,1e-09,5,MSELoss(),,quadratic,400,Adam
54,10,0.3398457467556,1.9800347361711268,1.191950500011444,233.95470069907608,mean0_interpolated_Final_train_copy_8_200_samples.pt,50,400,0.003,1,50,5,100,False,0.0009,dopri5,1e-07,1e-09,5,MSELoss(),,quadratic,400,Adam
55,10,0.2005927413702011,1.349230888339347,2.420246200636029,317.5149591956288,mean0_interpolated_Final_train_copy_8_200_samples.pt,50,500,0.003,1,50,5,100,False,0.0009,dopri5,1e-07,1e-09,5,MSELoss(),,quadratic,400,Adam
56,10,0.4481174647808075,1.3105566044298336,2.122767399996519,402.45007629785687,mean0_interpolated_Final_train_copy_8_200_samples.pt,50,600,0.003,1,50,5,100,False,0.0009,dopri5,1e-07,1e-09,5,MSELoss(),,quadratic,400,Adam
57,10,0.4102412164211273,1.1777123508480454,1.1168839000165462,489.12662070058286,mean0_interpolated_Final_train_copy_8_200_samples.pt,50,700,0.003,1,50,5,100,False,0.0009,dopri5,1e-07,1e-09,5,MSELoss(),,quadratic,400,Adam
58,10,0.1396711468696594,0.612549901160251,0.983508700504899,539.5001463014632,mean0_interpolated_Final_train_copy_8_200_samples.pt,50,800,0.003,1,50,5,100,False,0.0009,dopri5,1e-07,1e-09,5,MSELoss(),,quadratic,400,Adam
59,11,0.6128013730049133,1.3125742635174262,0.5353076001629233,31.39988819789141,mean0_interpolated_Final_train_copy_1_200_samples.pt,50,100,0.003,10,50,5,60,False,0.0009,dopri5,1e-07,1e-09,5,MSELoss(),,quadratic,400,Adam
60,11,0.644068717956543,1.2693512080499292,0.6384990001097322,83.78165039699525,mean0_interpolated_Final_train_copy_1_200_samples.pt,50,200,0.003,10,50,5,60,False,0.0009,dopri5,1e-07,1e-09,5,MSELoss(),,quadratic,400,Adam
61,11,8.326763153076172,5.350581414866394,0.7290454003959894,132.075112096034,mean0_interpolated_Final_train_copy_1_200_samples.pt,50,300,0.003,10,50,5,60,False,0.0009,dopri5,1e-07,1e-09,5,MSELoss(),,quadratic,400,Adam
62,11,58.17057800292969,8.531765711574781,0.660385400056839,187.3484087968245,mean0_interpolated_Final_train_copy_1_200_samples.pt,50,400,0.003,10,50,5,60,False,0.0009,dopri5,1e-07,1e-09,5,MSELoss(),,quadratic,400,Adam
63,11,24.5377140045166,7.118449548048311,1.3666343996301291,250.25462459679693,mean0_interpolated_Final_train_copy_1_200_samples.pt,50,500,0.003,10,50,5,60,False,0.0009,dopri5,1e-07,1e-09,5,MSELoss(),,quadratic,400,Adam
64,11,10.455150604248049,4.3993341797595376,1.459498300217092,351.4398020934313,mean0_interpolated_Final_train_copy_1_200_samples.pt,50,600,0.003,10,50,5,60,False,0.0009,dopri5,1e-07,1e-09,5,MSELoss(),,quadratic,400,Adam
65,11,1.372877836227417,1.4871189535595477,1.518507399596274,446.1123053925112,mean0_interpolated_Final_train_copy_1_200_samples.pt,50,700,0.003,10,50,5,60,False,0.0009,dopri5,1e-07,1e-09,5,MSELoss(),,quadratic,400,Adam
66,11,0.1875314116477966,0.8136481287483621,3.4063657000660896,543.3133652955294,mean0_interpolated_Final_train_copy_1_200_samples.pt,50,800,0.003,10,50,5,60,False,0.0009,dopri5,1e-07,1e-09,5,MSELoss(),,quadratic,400,Adam
67,12,0.4723120927810669,1.504094510014653,0.4774537002667784,47.10273199900985,mean0_interpolated_Final_train_copy_1_200_samples.pt,50,100,0.003,10,50,8,60,False,0.0009,dopri5,1e-07,1e-09,5,MSELoss(),,quadratic,400,Adam
68,12,0.4406821429729461,1.371168995952705,0.5182964997366071,115.06002779584378,mean0_interpolated_Final_train_copy_1_200_samples.pt,50,200,0.003,10,50,8,60,False,0.0009,dopri5,1e-07,1e-09,5,MSELoss(),,quadratic,400,Adam
69,12,0.5608978271484375,1.330267355319157,0.7934777000918984,187.68221449200064,mean0_interpolated_Final_train_copy_1_200_samples.pt,50,300,0.003,10,50,8,60,False,0.0009,dopri5,1e-07,1e-09,5,MSELoss(),,quadratic,400,Adam
70,12,0.2612719237804413,0.8559799417347186,1.1112124007195234,275.4635247811675,mean0_interpolated_Final_train_copy_1_200_samples.pt,50,400,0.003,10,50,8,60,False,0.0009,dopri5,1e-07,1e-09,5,MSELoss(),,quadratic,400,Adam
71,12,0.1859068274497985,0.8578944854604764,0.9714505998417736,370.5953581770882,mean0_interpolated_Final_train_copy_1_200_samples.pt,50,500,0.003,10,50,8,60,False,0.0009,dopri5,1e-07,1e-09,5,MSELoss(),,quadratic,400,Adam
72,12,0.2799572646617889,1.0196305818561762,1.2264620997011662,462.7384001817554,mean0_interpolated_Final_train_copy_1_200_samples.pt,50,600,0.003,10,50,8,60,False,0.0009,dopri5,1e-07,1e-09,5,MSELoss(),,quadratic,400,Adam
73,12,0.7373261451721191,1.2205562871332691,0.911753399297595,551.0080024767667,mean0_interpolated_Final_train_copy_1_200_samples.pt,50,700,0.003,10,50,8,60,False,0.0009,dopri5,1e-07,1e-09,5,MSELoss(),,quadratic,400,Adam
74,12,0.2945320308208465,0.9242997834458948,1.2079777996987104,637.1083090789616,mean0_interpolated_Final_train_copy_1_200_samples.pt,50,800,0.003,10,50,8,60,False,0.0009,dopri5,1e-07,1e-09,5,MSELoss(),,quadratic,400,Adam
75,13,0.8229479789733887,1.81973430224356,0.4401585003361106,41.81491989456117,mean0_interpolated_Final_train_copy_1_200_samples.pt,50,100,0.003,10,50,8,60,False,0.0009,dopri5,1e-07,1e-09,5,MSELoss(),ss,quadratic,400,Adam
76,14,0.8352277874946594,1.5974852665757635,0.5264702001586556,46.39860799815506,mean0_interpolated_Final_train_copy_1_200_samples.pt,50,100,0.003,10,50,8,60,False,0.0009,dopri5,1e-07,1e-09,5,MSELoss(),ss,quadratic,400,Adam
77,14,0.5840250253677368,1.333574860291251,0.5921433996409178,112.77039419580252,mean0_interpolated_Final_train_copy_1_200_samples.pt,50,200,0.003,10,50,8,60,False,0.0009,dopri5,1e-07,1e-09,5,MSELoss(),ss,quadratic,400,Adam
78,14,0.5245611667633057,1.1885791641320322,1.2049441998824475,200.43681810237467,mean0_interpolated_Final_train_copy_1_200_samples.pt,50,300,0.003,10,50,8,60,False,0.0009,dopri5,1e-07,1e-09,5,MSELoss(),ss,quadratic,400,Adam
79,14,0.5414939522743225,0.9952290165284816,1.7463354002684357,352.4701859969646,mean0_interpolated_Final_train_copy_1_200_samples.pt,50,400,0.003,10,50,8,60,False,0.0009,dopri5,1e-07,1e-09,5,MSELoss(),ss,quadratic,400,Adam
80,14,0.738561749458313,1.3024637335454108,1.0392821999266744,496.9157031904906,mean0_interpolated_Final_train_copy_1_200_samples.pt,50,500,0.003,10,50,8,60,False,0.0009,dopri5,1e-07,1e-09,5,MSELoss(),ss,quadratic,400,Adam
81,14,0.3364530503749847,1.0080060333013534,0.9698649002239108,585.3500301847234,mean0_interpolated_Final_train_copy_1_200_samples.pt,50,600,0.003,10,50,8,60,False,0.0009,dopri5,1e-07,1e-09,5,MSELoss(),ss,quadratic,400,Adam
82,14,0.2310451418161392,0.8936933189630508,0.8002992002293468,656.1111450865865,mean0_interpolated_Final_train_copy_1_200_samples.pt,50,700,0.003,10,50,8,60,False,0.0009,dopri5,1e-07,1e-09,5,MSELoss(),ss,quadratic,400,Adam
83,14,0.1852140873670578,0.833273994922638,0.8201150000095367,721.0862403810024,mean0_interpolated_Final_train_copy_1_200_samples.pt,50,800,0.003,10,50,8,60,False,0.0009,dopri5,1e-07,1e-09,5,MSELoss(),ss,quadratic,400,Adam
84,15,0.975369930267334,2.020243243055751,0.5229405993595719,46.16788929887116,mean0_interpolated_Final_train_copy_2_200_samples.pt,50,100,0.003,10,50,8,60,False,0.0009,dopri5,1e-07,1e-09,5,MSELoss(),ss_half,quadratic,400,Adam
85,15,1.1847422122955322,1.81721200950956,0.733029299415648,125.94767779298128,mean0_interpolated_Final_train_copy_2_200_samples.pt,50,200,0.003,10,50,8,60,False,0.0009,dopri5,1e-07,1e-09,5,MSELoss(),ss_half,quadratic,400,Adam
86,15,3.034021377563477,2.673744445883991,0.9254384003579617,188.8452740898356,mean0_interpolated_Final_train_copy_2_200_samples.pt,50,300,0.003,10,50,8,60,False,0.0009,dopri5,1e-07,1e-09,5,MSELoss(),ss_half,quadratic,400,Adam
87,15,5.015451431274414,4.739838023736286,1.5147155998274684,246.02434558980167,mean0_interpolated_Final_train_copy_2_200_samples.pt,50,400,0.003,10,50,8,60,False,0.0009,dopri5,1e-07,1e-09,5,MSELoss(),ss_half,quadratic,400,Adam
88,15,5.8189215660095215,5.703267963376772,1.5379940001294017,309.54900399502367,mean0_interpolated_Final_train_copy_2_200_samples.pt,50,500,0.003,10,50,8,60,False,0.0009,dopri5,1e-07,1e-09,5,MSELoss(),ss_half,quadratic,400,Adam
89,15,3.206726312637329,4.728131736024623,1.668525000102818,374.52783889789134,mean0_interpolated_Final_train_copy_2_200_samples.pt,50,600,0.003,10,50,8,60,False,0.0009,dopri5,1e-07,1e-09,5,MSELoss(),ss_half,quadratic,400,Adam
90,15,1.1227959394454956,1.2583498525846797,0.8599399998784065,441.5047049978748,mean0_interpolated_Final_train_copy_2_200_samples.pt,50,700,0.003,10,50,8,60,False,0.0009,dopri5,1e-07,1e-09,5,MSELoss(),ss_half,quadratic,400,Adam
91,15,1.5232216119766235,1.8032899222569847,1.0292223002761602,515.5544504979625,mean0_interpolated_Final_train_copy_2_200_samples.pt,50,800,0.003,10,50,8,60,False,0.0009,dopri5,1e-07,1e-09,5,MSELoss(),ss_half,quadratic,400,Adam
92,16,0.7516294717788696,1.8764894758849693,0.5780544001609087,137.08028269931674,mean0_interpolated_Final_train_copy_2_200_samples.pt,50,100,0.003,10,50,8,60,False,0.0009,dopri5,1e-07,1e-09,5,MSELoss(),ss_adv,quadratic,400,Adam
93,16,1.6794416904449463,1.9463000934849413,0.7664294000715017,351.2205281034112,mean0_interpolated_Final_train_copy_2_200_samples.pt,50,200,0.003,10,50,8,60,False,0.0009,dopri5,1e-07,1e-09,5,MSELoss(),ss_adv,quadratic,400,Adam
94,16,3.124901056289673,2.06317795665272,0.6118048997595906,528.4756457991898,mean0_interpolated_Final_train_copy_2_200_samples.pt,50,300,0.003,10,50,8,60,False,0.0009,dopri5,1e-07,1e-09,5,MSELoss(),ss_adv,quadratic,400,Adam
95,16,5.130821228027344,3.243736183511236,1.441279700025916,725.2385133067146,mean0_interpolated_Final_train_copy_2_200_samples.pt,50,400,0.003,10,50,8,60,False,0.0009,dopri5,1e-07,1e-09,5,MSELoss(),ss_adv,quadratic,400,Adam
96,16,3.453410148620605,3.2229310552437886,1.627348500303924,955.5167671144007,mean0_interpolated_Final_train_copy_2_200_samples.pt,50,500,0.003,10,50,8,60,False,0.0009,dopri5,1e-07,1e-09,5,MSELoss(),ss_adv,quadratic,400,Adam
97,16,3.578850030899048,3.3984334409022443,1.7422386994585397,1210.224322611466,mean0_interpolated_Final_train_copy_2_200_samples.pt,50,600,0.003,10,50,8,60,False,0.0009,dopri5,1e-07,1e-09,5,MSELoss(),ss_adv,quadratic,400,Adam
98,17,0.9015435576438904,1.977011758709692,0.5989308003336191,145.65106569230556,mean0_interpolated_Final_train_copy_2_200_samples.pt,50,100,0.003,10,50,8,60,False,0.005,dopri5,1e-07,1e-09,5,MSELoss(),ss_adv,quadratic,400,Adam
99,17,1.333989500999451,1.8041117619602527,1.042195599526167,356.45059009455144,mean0_interpolated_Final_train_copy_2_200_samples.pt,50,200,0.003,10,50,8,60,False,0.005,dopri5,1e-07,1e-09,5,MSELoss(),ss_adv,quadratic,400,Adam
100,17,4.2821197509765625,3.0034183561540155,1.1275137001648543,568.5097501957789,mean0_interpolated_Final_train_copy_2_200_samples.pt,50,300,0.003,10,50,8,60,False,0.005,dopri5,1e-07,1e-09,5,MSELoss(),ss_adv,quadratic,400,Adam
101,17,3.082735061645508,3.265485344741662,1.7175567001104357,811.2877892935649,mean0_interpolated_Final_train_copy_2_200_samples.pt,50,400,0.003,10,50,8,60,False,0.005,dopri5,1e-07,1e-09,5,MSELoss(),ss_adv,quadratic,400,Adam
102,17,3.0771074295043945,2.8986335298862134,1.9968843003734944,1057.152244593948,mean0_interpolated_Final_train_copy_2_200_samples.pt,50,500,0.003,10,50,8,60,False,0.005,dopri5,1e-07,1e-09,5,MSELoss(),ss_adv,quadratic,400,Adam
103,18,0.8178108334541321,2.017422525308984,0.6331553002819419,59.44814829621464,mean0_interpolated_Final_train_copy_2_200_samples.pt,50,100,0.003,10,50,8,60,False,0.005,dopri5,1e-07,1e-09,5,MSELoss(),ss_adv2,quadratic,400,Adam
104,18,1.7132996320724487,1.8464528713570327,0.7585017997771502,169.38815480098128,mean0_interpolated_Final_train_copy_2_200_samples.pt,50,200,0.003,10,50,8,60,False,0.005,dopri5,1e-07,1e-09,5,MSELoss(),ss_adv2,quadratic,400,Adam
105,18,4.097964763641357,2.2347858748285945,0.8753343001008034,248.34228369873017,mean0_interpolated_Final_train_copy_2_200_samples.pt,50,300,0.003,10,50,8,60,False,0.005,dopri5,1e-07,1e-09,5,MSELoss(),ss_adv2,quadratic,400,Adam
106,18,3.1332805156707764,3.000598666552988,1.5797245996072888,327.18488669674844,mean0_interpolated_Final_train_copy_2_200_samples.pt,50,400,0.003,10,50,8,60,False,0.005,dopri5,1e-07,1e-09,5,MSELoss(),ss_adv2,quadratic,400,Adam
107,18,3.4159493446350098,3.1290368299142464,1.8340734001249075,413.0606568995863,mean0_interpolated_Final_train_copy_2_200_samples.pt,50,500,0.003,10,50,8,60,False,0.005,dopri5,1e-07,1e-09,5,MSELoss(),ss_adv2,quadratic,400,Adam
108,18,2.693794012069702,3.405026237014726,1.115797100588679,504.5670956009999,mean0_interpolated_Final_train_copy_2_200_samples.pt,50,600,0.003,10,50,8,60,False,0.005,dopri5,1e-07,1e-09,5,MSELoss(),ss_adv2,quadratic,400,Adam
109,18,0.8202338218688965,1.4283268316325053,1.6190317003056407,599.504164093174,mean0_interpolated_Final_train_copy_2_200_samples.pt,50,700,0.003,10,50,8,60,False,0.005,dopri5,1e-07,1e-09,5,MSELoss(),ss_adv2,quadratic,400,Adam
110,18,0.798021674156189,1.3626781469611051,1.481128399260342,696.9157867953181,mean0_interpolated_Final_train_copy_2_200_samples.pt,50,800,0.003,10,50,8,60,False,0.005,dopri5,1e-07,1e-09,5,MSELoss(),ss_adv2,quadratic,400,Adam
111,19,0.8149862289428711,2.0536292737277977,0.5517750000581145,46.2510560983792,mean0_interpolated_Final_train_copy_2_200_samples.pt,50,100,0.003,10,50,8,60,False,0.005,dopri5,1e-07,1e-09,5,MSELoss(),,quadratic,400,Adam
112,19,1.4880765676498413,1.984684467752128,0.5308071998879313,119.35926069691776,mean0_interpolated_Final_train_copy_2_200_samples.pt,50,200,0.003,10,50,8,60,False,0.005,dopri5,1e-07,1e-09,5,MSELoss(),,quadratic,400,Adam
113,19,4.088936805725098,2.2099878414126977,0.9123581005260348,177.43513899482787,mean0_interpolated_Final_train_copy_2_200_samples.pt,50,300,0.003,10,50,8,60,False,0.005,dopri5,1e-07,1e-09,5,MSELoss(),,quadratic,400,Adam
114,19,3.5351157188415527,2.8224386947940325,1.7324096001684666,235.1414311919361,mean0_interpolated_Final_train_copy_2_200_samples.pt,50,400,0.003,10,50,8,60,False,0.005,dopri5,1e-07,1e-09,5,MSELoss(),,quadratic,400,Adam
115,19,2.2914533615112305,2.6332163502235653,1.9061727998778224,296.9065122976899,mean0_interpolated_Final_train_copy_2_200_samples.pt,50,500,0.003,10,50,8,60,False,0.005,dopri5,1e-07,1e-09,5,MSELoss(),,quadratic,400,Adam
116,19,6.006211280822754,4.0120784735776125,1.8204343998804688,364.805502503179,mean0_interpolated_Final_train_copy_2_200_samples.pt,50,600,0.003,10,50,8,60,False,0.005,dopri5,1e-07,1e-09,5,MSELoss(),,quadratic,400,Adam
117,19,4.469179153442383,3.718339216251695,1.834583300165832,436.0149996029213,mean0_interpolated_Final_train_copy_2_200_samples.pt,50,700,0.003,10,50,8,60,False,0.005,dopri5,1e-07,1e-09,5,MSELoss(),,quadratic,400,Adam
118,19,4.056482791900635,4.2656908608061554,1.787287499755621,509.501318496652,mean0_interpolated_Final_train_copy_2_200_samples.pt,50,800,0.003,10,50,8,60,False,0.005,dopri5,1e-07,1e-09,5,MSELoss(),,quadratic,400,Adam
119,20,7.258737564086914,4.678024625899469,0.518200224993052,29.32470277324319,/Users/laetitiaguerin/Library/CloudStorage/OneDrive-Personal/Documents/BSc Nanobiology/Year 4/Capstone Project/Github repository/NODE/stretched_downsampled_197_mean0_data_g2.pt,50,100,0.003,10,50,8,60,False,0.005,dopri5,1e-07,1e-09,5,MSELoss(),,quadratic,400,Adam
120,20,30.07135009765625,7.250380806314368,0.360852406010963,60.25406015623594,/Users/laetitiaguerin/Library/CloudStorage/OneDrive-Personal/Documents/BSc Nanobiology/Year 4/Capstone Project/Github repository/NODE/stretched_downsampled_197_mean0_data_g2.pt,50,200,0.003,10,50,8,60,False,0.005,dopri5,1e-07,1e-09,5,MSELoss(),,quadratic,400,Adam
121,20,40.79374694824219,7.884039331493568,0.3344305199861992,95.74791313815513,/Users/laetitiaguerin/Library/CloudStorage/OneDrive-Personal/Documents/BSc Nanobiology/Year 4/Capstone Project/Github repository/NODE/stretched_downsampled_197_mean0_data_g2.pt,50,300,0.003,10,50,8,60,False,0.005,dopri5,1e-07,1e-09,5,MSELoss(),,quadratic,400,Adam
122,20,50.23695373535156,8.93933499900893,0.3133920319960452,131.33208283089334,/Users/laetitiaguerin/Library/CloudStorage/OneDrive-Personal/Documents/BSc Nanobiology/Year 4/Capstone Project/Github repository/NODE/stretched_downsampled_197_mean0_data_g2.pt,50,400,0.003,10,50,8,60,False,0.005,dopri5,1e-07,1e-09,5,MSELoss(),,quadratic,400,Adam
123,20,33.871337890625,7.572745282488853,0.310897910996573,164.27572177085676,/Users/laetitiaguerin/Library/CloudStorage/OneDrive-Personal/Documents/BSc Nanobiology/Year 4/Capstone Project/Github repository/NODE/stretched_downsampled_197_mean0_data_g2.pt,50,500,0.003,10,50,8,60,False,0.005,dopri5,1e-07,1e-09,5,MSELoss(),,quadratic,400,Adam
124,20,22.789470672607425,6.556474298381055,0.3014838600065559,193.29776809405303,/Users/laetitiaguerin/Library/CloudStorage/OneDrive-Personal/Documents/BSc Nanobiology/Year 4/Capstone Project/Github repository/NODE/stretched_downsampled_197_mean0_data_g2.pt,50,600,0.003,10,50,8,60,False,0.005,dopri5,1e-07,1e-09,5,MSELoss(),,quadratic,400,Adam
125,20,15.16684913635254,5.497512896403815,0.3294041469926014,223.91346785787027,/Users/laetitiaguerin/Library/CloudStorage/OneDrive-Personal/Documents/BSc Nanobiology/Year 4/Capstone Project/Github repository/NODE/stretched_downsampled_197_mean0_data_g2.pt,50,700,0.003,10,50,8,60,False,0.005,dopri5,1e-07,1e-09,5,MSELoss(),,quadratic,400,Adam
126,20,10.703798294067385,4.735436103744614,0.3474600669869687,253.59579734891304,/Users/laetitiaguerin/Library/CloudStorage/OneDrive-Personal/Documents/BSc Nanobiology/Year 4/Capstone Project/Github repository/NODE/stretched_downsampled_197_mean0_data_g2.pt,50,800,0.003,10,50,8,60,False,0.005,dopri5,1e-07,1e-09,5,MSELoss(),,quadratic,400,Adam
127,21,1.5592671632766724,2.3564056062345013,0.6286893780052196,36.78565668687224,/Users/laetitiaguerin/Library/CloudStorage/OneDrive-Personal/Documents/BSc Nanobiology/Year 4/Capstone Project/Github repository/NODE/stretched_downsampled_197_mean0_data_g2.pt,50,100,0.003,10,50,12,60,False,0.005,dopri5,1e-07,1e-09,5,MSELoss(),,quadratic,400,Adam
128,22,1.7923396825790403,2.3132461408931086,0.6756242270057555,37.16233573528007,/Users/laetitiaguerin/Library/CloudStorage/OneDrive-Personal/Documents/BSc Nanobiology/Year 4/Capstone Project/Github repository/NODE/stretched_downsampled_197_mean0_data_g2.pt,50,100,0.003,10,50,12,60,False,0.005,dopri5,1e-07,1e-09,5,MSELoss(),,quadratic,400,Adam
129,22,3.01127290725708,3.569483236056371,0.5798311170074157,86.6249602244352,/Users/laetitiaguerin/Library/CloudStorage/OneDrive-Personal/Documents/BSc Nanobiology/Year 4/Capstone Project/Github repository/NODE/stretched_downsampled_197_mean0_data_g2.pt,50,200,0.003,10,50,12,60,False,0.005,dopri5,1e-07,1e-09,5,MSELoss(),,quadratic,400,Adam
130,22,2.941071033477783,3.508740898862837,0.5626261880097445,127.72600081231212,/Users/laetitiaguerin/Library/CloudStorage/OneDrive-Personal/Documents/BSc Nanobiology/Year 4/Capstone Project/Github repository/NODE/stretched_downsampled_197_mean0_data_g2.pt,50,300,0.003,10,50,12,60,False,0.005,dopri5,1e-07,1e-09,5,MSELoss(),,quadratic,400,Adam
131,22,2.4723732471466064,3.2174309430596195,0.5925033490057103,167.82800191032584,/Users/laetitiaguerin/Library/CloudStorage/OneDrive-Personal/Documents/BSc Nanobiology/Year 4/Capstone Project/Github repository/NODE/stretched_downsampled_197_mean0_data_g2.pt,50,400,0.003,10,50,12,60,False,0.005,dopri5,1e-07,1e-09,5,MSELoss(),,quadratic,400,Adam
132,22,2.3173413276672363,3.1501674833545024,0.6046090719755739,210.042569773359,/Users/laetitiaguerin/Library/CloudStorage/OneDrive-Personal/Documents/BSc Nanobiology/Year 4/Capstone Project/Github repository/NODE/stretched_downsampled_197_mean0_data_g2.pt,50,500,0.003,10,50,12,60,False,0.005,dopri5,1e-07,1e-09,5,MSELoss(),,quadratic,400,Adam
133,22,1.7857944965362549,2.693881696734842,0.6381253429863136,253.7003627374943,/Users/laetitiaguerin/Library/CloudStorage/OneDrive-Personal/Documents/BSc Nanobiology/Year 4/Capstone Project/Github repository/NODE/stretched_downsampled_197_mean0_data_g2.pt,50,600,0.003,10,50,12,60,False,0.005,dopri5,1e-07,1e-09,5,MSELoss(),,quadratic,400,Adam
134,22,1.843898892402649,2.586324484482569,0.6695335250115022,295.7160619435017,/Users/laetitiaguerin/Library/CloudStorage/OneDrive-Personal/Documents/BSc Nanobiology/Year 4/Capstone Project/Github repository/NODE/stretched_downsampled_197_mean0_data_g2.pt,50,700,0.003,10,50,12,60,False,0.005,dopri5,1e-07,1e-09,5,MSELoss(),,quadratic,400,Adam
135,22,2.549354314804077,3.1480803362501897,0.7215258720098063,337.7825875785493,/Users/laetitiaguerin/Library/CloudStorage/OneDrive-Personal/Documents/BSc Nanobiology/Year 4/Capstone Project/Github repository/NODE/stretched_downsampled_197_mean0_data_g2.pt,50,800,0.003,10,50,12,60,False,0.005,dopri5,1e-07,1e-09,5,MSELoss(),,quadratic,400,Adam
136,23,2.987360000610352,3.0436554517886005,0.5613160619977862,23.207813421962783,/Users/laetitiaguerin/Library/CloudStorage/OneDrive-Personal/Documents/BSc Nanobiology/Year 4/Capstone Project/Github repository/NODE/stretched_downsampled_197_mean0_data_g2.pt,50,100,0.003,10,50,8,60,False,0.005,dopri5,1e-07,1e-09,5,MSELoss(),,quadratic,400,Adam
137,23,10.733556747436523,4.705355390057624,0.419003535003867,50.574712099914905,/Users/laetitiaguerin/Library/CloudStorage/OneDrive-Personal/Documents/BSc Nanobiology/Year 4/Capstone Project/Github repository/NODE/stretched_downsampled_197_mean0_data_g2.pt,50,200,0.003,10,50,8,60,False,0.005,dopri5,1e-07,1e-09,5,MSELoss(),,quadratic,400,Adam
138,23,28.24567604064941,7.200767102403195,0.2994043799990322,79.10505622488563,/Users/laetitiaguerin/Library/CloudStorage/OneDrive-Personal/Documents/BSc Nanobiology/Year 4/Capstone Project/Github repository/NODE/stretched_downsampled_197_mean0_data_g2.pt,50,300,0.003,10,50,8,60,False,0.005,dopri5,1e-07,1e-09,5,MSELoss(),,quadratic,400,Adam
139,23,29.31912422180176,7.794270259119388,0.2776377430127468,109.68948071388876,/Users/laetitiaguerin/Library/CloudStorage/OneDrive-Personal/Documents/BSc Nanobiology/Year 4/Capstone Project/Github repository/NODE/stretched_downsampled_197_mean0_data_g2.pt,50,400,0.003,10,50,8,60,False,0.005,dopri5,1e-07,1e-09,5,MSELoss(),,quadratic,400,Adam
140,23,27.81332015991211,7.828137838413207,0.2882770180003717,137.7027947488532,/Users/laetitiaguerin/Library/CloudStorage/OneDrive-Personal/Documents/BSc Nanobiology/Year 4/Capstone Project/Github repository/NODE/stretched_downsampled_197_mean0_data_g2.pt,50,500,0.003,10,50,8,60,False,0.005,dopri5,1e-07,1e-09,5,MSELoss(),,quadratic,400,Adam
141,23,22.721668243408203,6.859771559005883,0.3487211879983078,167.2665874508093,/Users/laetitiaguerin/Library/CloudStorage/OneDrive-Personal/Documents/BSc Nanobiology/Year 4/Capstone Project/Github repository/NODE/stretched_downsampled_197_mean0_data_g2.pt,50,600,0.003,10,50,8,60,False,0.005,dopri5,1e-07,1e-09,5,MSELoss(),,quadratic,400,Adam
142,24,2.780159711837769,3.261773696868996,0.6300253450172022,47.36235207211576,/Users/laetitiaguerin/Library/CloudStorage/OneDrive-Personal/Documents/BSc Nanobiology/Year 4/Capstone Project/Github repository/NODE/stretched_downsampled_197_mean0_data_g2.pt,50,100,0.003,10,50,14,60,False,0.005,dopri5,1e-07,1e-09,5,MSELoss(),,quadratic,400,Adam
143,24,1.7881706953048706,2.787855918834849,0.6000480829970911,96.54444787389366,/Users/laetitiaguerin/Library/CloudStorage/OneDrive-Personal/Documents/BSc Nanobiology/Year 4/Capstone Project/Github repository/NODE/stretched_downsampled_197_mean0_data_g2.pt,50,200,0.003,10,50,14,60,False,0.005,dopri5,1e-07,1e-09,5,MSELoss(),,quadratic,400,Adam
144,24,2.1673026084899902,3.1369401560324404,0.5908338940062094,143.81646227199235,/Users/laetitiaguerin/Library/CloudStorage/OneDrive-Personal/Documents/BSc Nanobiology/Year 4/Capstone Project/Github repository/NODE/stretched_downsampled_197_mean0_data_g2.pt,50,300,0.003,10,50,14,60,False,0.005,dopri5,1e-07,1e-09,5,MSELoss(),,quadratic,400,Adam
145,24,2.836621761322021,3.801054113089657,0.7614509699924383,193.3008031709178,/Users/laetitiaguerin/Library/CloudStorage/OneDrive-Personal/Documents/BSc Nanobiology/Year 4/Capstone Project/Github repository/NODE/stretched_downsampled_197_mean0_data_g2.pt,50,400,0.003,10,50,14,60,False,0.005,dopri5,1e-07,1e-09,5,MSELoss(),,quadratic,400,Adam
146,24,2.593456268310547,3.15903273032099,1.307214581000153,250.47794371997588,/Users/laetitiaguerin/Library/CloudStorage/OneDrive-Personal/Documents/BSc Nanobiology/Year 4/Capstone Project/Github repository/NODE/stretched_downsampled_197_mean0_data_g2.pt,50,500,0.003,10,50,14,60,False,0.005,dopri5,1e-07,1e-09,5,MSELoss(),,quadratic,400,Adam
147,24,2.4063920974731445,3.2072153016620177,0.5988586890161969,303.35455447796267,/Users/laetitiaguerin/Library/CloudStorage/OneDrive-Personal/Documents/BSc Nanobiology/Year 4/Capstone Project/Github repository/NODE/stretched_downsampled_197_mean0_data_g2.pt,50,600,0.003,10,50,14,60,False,0.005,dopri5,1e-07,1e-09,5,MSELoss(),,quadratic,400,Adam
148,24,2.101928472518921,2.918496386701328,0.6183931079867762,351.69663420299185,/Users/laetitiaguerin/Library/CloudStorage/OneDrive-Personal/Documents/BSc Nanobiology/Year 4/Capstone Project/Github repository/NODE/stretched_downsampled_197_mean0_data_g2.pt,50,700,0.003,10,50,14,60,False,0.005,dopri5,1e-07,1e-09,5,MSELoss(),,quadratic,400,Adam
149,24,1.8887147903442385,2.7952645637050018,0.6931417359737679,402.0124048051366,/Users/laetitiaguerin/Library/CloudStorage/OneDrive-Personal/Documents/BSc Nanobiology/Year 4/Capstone Project/Github repository/NODE/stretched_downsampled_197_mean0_data_g2.pt,50,800,0.003,10,50,14,60,False,0.005,dopri5,1e-07,1e-09,5,MSELoss(),,quadratic,400,Adam
150,25,10.381458282470703,5.385070486947583,0.4656975450052414,44.92900123898289,/Users/laetitiaguerin/Library/CloudStorage/OneDrive-Personal/Documents/BSc Nanobiology/Year 4/Capstone Project/Github repository/NODE/stretched_downsampled_197_mean0_data_g2.pt,50,100,0.003,10,50,15,60,False,0.005,dopri5,1e-07,1e-09,5,MSELoss(),,quadratic,400,Adam
151,25,2.741677045822144,3.0938405396432063,0.5147145149821881,94.97095346087008,/Users/laetitiaguerin/Library/CloudStorage/OneDrive-Personal/Documents/BSc Nanobiology/Year 4/Capstone Project/Github repository/NODE/stretched_downsampled_197_mean0_data_g2.pt,50,200,0.003,10,50,15,60,False,0.005,dopri5,1e-07,1e-09,5,MSELoss(),,quadratic,400,Adam
152,25,2.3277060985565186,2.802911884834013,0.5273769750201609,147.57859724704758,/Users/laetitiaguerin/Library/CloudStorage/OneDrive-Personal/Documents/BSc Nanobiology/Year 4/Capstone Project/Github repository/NODE/stretched_downsampled_197_mean0_data_g2.pt,50,300,0.003,10,50,15,60,False,0.005,dopri5,1e-07,1e-09,5,MSELoss(),,quadratic,400,Adam
153,25,1.8632726669311523,2.515565789422067,0.5555634110060055,198.94033918820787,/Users/laetitiaguerin/Library/CloudStorage/OneDrive-Personal/Documents/BSc Nanobiology/Year 4/Capstone Project/Github repository/NODE/stretched_downsampled_197_mean0_data_g2.pt,50,400,0.003,10,50,15,60,False,0.005,dopri5,1e-07,1e-09,5,MSELoss(),,quadratic,400,Adam
154,25,1.5613162517547607,2.342102164055311,0.6066032550006639,251.55648585723247,/Users/laetitiaguerin/Library/CloudStorage/OneDrive-Personal/Documents/BSc Nanobiology/Year 4/Capstone Project/Github repository/NODE/stretched_downsampled_197_mean0_data_g2.pt,50,500,0.003,10,50,15,60,False,0.005,dopri5,1e-07,1e-09,5,MSELoss(),,quadratic,400,Adam
155,25,1.3724589347839355,2.219104696540016,0.645830143999774,304.47488765619346,/Users/laetitiaguerin/Library/CloudStorage/OneDrive-Personal/Documents/BSc Nanobiology/Year 4/Capstone Project/Github repository/NODE/stretched_downsampled_197_mean0_data_g2.pt,50,600,0.003,10,50,15,60,False,0.005,dopri5,1e-07,1e-09,5,MSELoss(),,quadratic,400,Adam
156,25,1.1645612716674805,2.1119959631538388,0.6511670279724058,361.5011717520538,/Users/laetitiaguerin/Library/CloudStorage/OneDrive-Personal/Documents/BSc Nanobiology/Year 4/Capstone Project/Github repository/NODE/stretched_downsampled_197_mean0_data_g2.pt,50,700,0.003,10,50,15,60,False,0.005,dopri5,1e-07,1e-09,5,MSELoss(),,quadratic,400,Adam
157,25,1.163303256034851,2.1382386526708244,0.6591316109988838,422.41916963399854,/Users/laetitiaguerin/Library/CloudStorage/OneDrive-Personal/Documents/BSc Nanobiology/Year 4/Capstone Project/Github repository/NODE/stretched_downsampled_197_mean0_data_g2.pt,50,800,0.003,10,50,15,60,False,0.005,dopri5,1e-07,1e-09,5,MSELoss(),,quadratic,400,Adam
